Workbook

Sheet Project info summary
A1: RBSX Group Ltd Financial Investment and User Managment System
A2: Key Project Info
A3: Intended start Date | B3: 45199
A4: Requested time scale (Weeks) | B4: 17
A5: Requested time scale (Days) | B5: =B4*7 -> 119
A6: Hours worked per day per Staff member | B6: 7
A7: Predicted staff Abscence (Days) | B7: 0
A9: Task | B9: Estimated number of work hours | D9: Staff member | E9: Role | F9: Key | G9: Pay per hour
A10: Upgrade infrastructure | B10: 21 | D10: Sarah O’Toole | E10: Senior Software Engineer | G10: 105
A11: Install physical server | B11: 7 | D11: Ahad Shafiq | E11: Junior Software Engineer | G11: 25
A12: Develop Module - Investments and savings | B12: 115 | D12: Terry Duran | E12: Junior Software Engineer | G12: 45
A13: Develop Module - User interface | B13: 70 | D13: Gina Diaz | E13: Database Engineer | G13: 47.5
A14: Develop Module - Information feed | B14: 126 | D14: Marius Bronski | E14: Network Engineer | G14: 73
A15: Develop Module - Back-end database | B15: 147
A16: Develop Module - Data analytics | B16: 112
A17: Develop Module – Communications | B17: 105
A18: Deploy Modules | B18: 7
B19: (per module)
A20: Unit testing | B20: 21
B21: (per module)
A22: Integration testing | B22: 14
B23: (per module)
A24: Fixing and regression testing for major fault | B24: 14
B25: (per fault found)
A26: Fixing and regression testing for minor fault | B26: 7
B27: (per fault found)
A28: User/acceptance testing | B28: 35
A29: Create a Test plan | B29: 14
A30: User Training | B30: 21

Sheet Gannt
E2: 1 | F2: 2 | G2: 3 | H2: 4 | I2: 5 | J2: 6 | K2: 7 | L2: 8 | M2: 9 | N2: 10 | O2: 11 | P2: 12 | Q2: 13 | R2: 14 | S2: 15 | T2: 16 | U2: 17 | V2: 18 | W2: 19 | X2: 20 | Y2: 21 | Z2: 22 | AA2: 23 | AB2: 24 | AC2: 25 | AD2: 26 | AE2: 27 | AF2: 28 | AG2: 29 | AH2: 30 | AI2: 31 | AJ2: 32 | AK2: 33 | AL2: 34 | AM2: 35 | AN2: 36 | AO2: 37 | AP2: 38 | AQ2: 39 | AR2: 40 | AS2: 41 | AT2: 42 | AU2: 43 | AV2: 44 | AW2: 45 | AX2: 46 | AY2: 47 | AZ2: 48 | BA2: 49 | BB2: 50 | BC2: 51 | BD2: 52 | BE2: 53 | BF2: 54 | BG2: 55 | BH2: 56 | BI2: 57 | BJ2: 58 | BK2: 59 | BL2: 60 | BM2: 61 | BN2: 62 | BO2: 63 | BP2: 64 | BQ2: 65 | BR2: 66 | BS2: 67 | BT2: 68 | BU2: 69 | BV2: 70 | BW2: 71 | BX2: 72 | BY2: 73 | BZ2: 74 | CA2: 75 | CB2: 76 | CC2: 77 | CD2: 78 | CE2: 79 | CF2: 80 | CG2: 81 | CH2: 82 | CI2: 83 | CJ2: 84 | CK2: 85 | CL2: 86 | CM2: 87 | CN2: 88 | CO2: 89 | CP2: 90 | CQ2: 91 | CR2: 92 | CS2: 93 | CT2: 94 | CU2: 95 | CV2: 96 | CW2: 97 | CX2: 98 | CY2: 99 | CZ2: 100 | DA2: 101 | DB2: 102 | DC2: 103 | DD2: 104 | DE2: 105 | DF2: 106 | DG2: 107 | DH2: 108 | DI2: 109 | DJ2: 110 | DK2: 111 | DL2: 112 | DM2: 113 | DN2: 114 | DO2: 115 | DP2: 116 | DQ2: 117 | DR2: 118 | DS2: 119 | DT2: 120 | DU2: 121 | DV2: 122 | DW2: 123 | DX2: 124 | DY2: 125 | DZ2: 126 | EA2: 127 | EB2: 128 | EC2: 129 | ED2: 130 | EE2: 131 | EF2: 132 | EG2: 133 | EH2: 134 | EI2: 135 | EJ2: 136 | EK2: 137 | EL2: 138 | EM2: 139 | EN2: 140 | EO2: 141 | EP2: 142 | EQ2: 143 | ER2: 144 | ES2: 145 | ET2: 146 | EU2: 147 | EV2: 148 | EW2: 149 | EX2: 150 | EY2: 151 | EZ2: 152 | FA2: 153 | FB2: 154 | FC2: 155 | FD2: 156
E3: Monday | F3: Tuesday | G3: Wednesday | H3: Thursday | I3: Friday | J3: Saturday | K3: Sunday | L3: Monday | M3: Tuesday | N3: Wednesday | O3: Thursday | P3: Friday | Q3: Saturday | R3: Sunday | S3: Monday | T3: Tuesday | U3: Wednesday | V3: Thursday | W3: Friday | X3: Saturday | Y3: Sunday | Z3: Monday | AA3: Tuesday | AB3: Wednesday | AC3: Thursday | AD3: Friday | AE3: Saturday | AF3: Sunday | AG3: Monday | AH3: Tuesday | AI3: Wednesday | AJ3: Thursday | AK3: Friday | AL3: Saturday | AM3: Sunday | AN3: Monday | AO3: Tuesday | AP3: Wednesday | AQ3: Thursday | AR3: Friday | AS3: Saturday | AT3: Sunday | AU3: Monday | AV3: Tuesday | AW3: Wednesday | AX3: Thursday | AY3: Friday | AZ3: Saturday | BA3: Sunday | BB3: Monday | BC3: Tuesday | BD3: Wednesday | BE3: Thursday | BF3: Friday | BG3: Saturday | BH3: Sunday | BI3: Monday | BJ3: Tuesday | BK3: Wednesday | BL3: Thursday | BM3: Friday | BN3: Saturday | BO3: Sunday | BP3: Monday | BQ3: Tuesday | BR3: Wednesday | BS3: Thursday | BT3: Friday | BU3: Saturday | BV3: Sunday | BW3: Monday | BX3: Tuesday | BY3: Wednesday | BZ3: Thursday | CA3: Friday | CB3: Saturday | CC3: Sunday | CD3: Monday | CE3: Tuesday | CF3: Wednesday | CG3: Thursday | CH3: Friday | CI3: Saturday | CJ3: Sunday | CK3: Monday | CL3: Tuesday | CM3: Wednesday | CN3: Thursday | CO3: Friday | CP3: Saturday | CQ3: Sunday | CR3: Monday | CS3: Tuesday | CT3: Wednesday | CU3: Thursday | CV3: Friday | CW3: Saturday | CX3: Sunday | CY3: Monday | CZ3: Tuesday | DA3: Wednesday | DB3: Thursday | DC3: Friday | DD3: Saturday | DE3: Sunday | DF3: Monday | DG3: Tuesday | DH3: Wednesday | DI3: Thursday | DJ3: Friday | DK3: Saturday | DL3: Sunday | DM3: Monday | DN3: Tuesday | DO3: Wednesday | DP3: Thursday | DQ3: Friday | DR3: Saturday | DS3: Sunday | DT3: Monday | DU3: Tuesday | DV3: Wednesday | DW3: Thursday | DX3: Friday | DY3: Saturday | DZ3: Sunday | EA3: Monday | EB3: Tuesday | EC3: Wednesday | ED3: Thursday | EE3: Friday | EF3: Saturday | EG3: Sunday | EH3: Monday | EI3: Tuesday | EJ3: Wednesday | EK3: Thursday | EL3: Friday | EM3: Saturday | EN3: Sunday | EO3: Monday | EP3: Tuesday | EQ3: Wednesday | ER3: Thursday | ES3: Friday | ET3: Saturday | EU3: Sunday | EV3: Monday | EW3: Tuesday | EX3: Wednesday | EY3: Thursday | EZ3: Friday | FA3: Saturday | FB3: Sunday | FC3: Monday | FD3: Tuesday
E4: 45565 | F4: 45566 | G4: 45567 | H4: 45568 | I4: 45569 | J4: 45570 | K4: 45571 | L4: 45572 | M4: 45573 | N4: 45574 | O4: 45575 | P4: 45576 | Q4: 45577 | R4: 45578 | S4: 45579 | T4: 45580 | U4: 45581 | V4: 45582 | W4: 45583 | X4: 45584 | Y4: 45585 | Z4: 45586 | AA4: 45587 | AB4: 45588 | AC4: 45589 | AD4: 45590 | AE4: 45591 | AF4: 45592 | AG4: 45593 | AH4: 45594 | AI4: 45595 | AJ4: 45596 | AK4: 45597 | AL4: 45598 | AM4: 45599 | AN4: 45600 | AO4: 45601 | AP4: 45602 | AQ4: 45603 | AR4: 45604 | AS4: 45605 | AT4: 45606 | AU4: 45607 | AV4: 45608 | AW4: 45609 | AX4: 45610 | AY4: 45611 | AZ4: 45612 | BA4: 45613 | BB4: 45614 | BC4: 45615 | BD4: 45616 | BE4: 45617 | BF4: 45618 | BG4: 45619 | BH4: 45620 | BI4: 45621 | BJ4: 45622 | BK4: 45623 | BL4: 45624 | BM4: 45625 | BN4: 45626 | BO4: 45627 | BP4: 45628 | BQ4: 45629 | BR4: 45630 | BS4: 45631 | BT4: 45632 | BU4: 45633 | BV4: 45634 | BW4: 45635 | BX4: 45636 | BY4: 45637 | BZ4: 45638 | CA4: 45639 | CB4: 45640 | CC4: 45641 | CD4: 45642 | CE4: 45643 | CF4: 45644 | CG4: 45645 | CH4: 45646 | CI4: 45647 | CJ4: 45648 | CK4: 45649 | CL4: 45650 | CM4: 45651 | CN4: 45652 | CO4: 45653 | CP4: 45654 | CQ4: 45655 | CR4: 45656 | CS4: 45657 | CT4: 45658 | CU4: 45659 | CV4: 45660 | CW4: 45661 | CX4: 45662 | CY4: 45663 | CZ4: 45664 | DA4: 45665 | DB4: 45666 | DC4: 45667 | DD4: 45668 | DE4: 45669 | DF4: 45670 | DG4: 45671 | DH4: 45672 | DI4: 45673 | DJ4: 45674 | DK4: 45675 | DL4: 45676 | DM4: 45677 | DN4: 45678 | DO4: 45679 | DP4: 45680 | DQ4: 45681 | DR4: 45682 | DS4: 45683 | DT4: 45684 | DU4: 45685 | DV4: 45686 | DW4: 45687 | DX4: 45688 | DY4: 45689 | DZ4: 45690 | EA4: 45691 | EB4: 45692 | EC4: 45693 | ED4: 45694 | EE4: 45695 | EF4: 45696 | EG4: 45697 | EH4: 45698 | EI4: 45699 | EJ4: 45700 | EK4: 45701 | EL4: 45702 | EM4: 45703 | EN4: 45704 | EO4: 45705 | EP4: 45706 | EQ4: 45707 | ER4: 45708 | ES4: 45709 | ET4: 45710 | EU4: 45711 | EV4: 45712 | EW4: 45713 | EX4: 45714 | EY4: 45715 | EZ4: 45716 | FA4: 45717 | FB4: 45718 | FC4: 45719 | FD4: 45720
A5: Task | B5: Sub Task/Notes | C5: Staff assigned | D5: Total hours assigned to task
D6: =SUM(E6:EI6) -> 0
D7: =SUM(E7:EI7) -> 0
D8: =SUM(E8:EI8) -> 0
D9: =SUM(E9:EI9) -> 0
D10: =SUM(E10:EI10) -> 0
D11: =SUM(E11:EI11) -> 0
D12: =SUM(E12:EI12) -> 0
D13: =SUM(E13:EI13) -> 0
D14: =SUM(E14:EI14) -> 0
D15: =SUM(E15:EI15) -> 0
D16: =SUM(E16:EI16) -> 0
D17: =SUM(E17:EI17) -> 0
... D100: =SUM(E100:EI100) -> 0

Sheet Costs
A1: Staf Costs
A2: Staff | B2: Hours worked | C2: Rate of pay | D2: Cost for project
A3: Sarah O’Toole | B3: =SUMIF(Gannt!$C$6:$C$99,Costs!A3,Gannt!$D$6:$D$101) -> 0 | C3: ='Project info summary'!G10 -> 105 | D3: =B3*C3 -> 0
A4: Ahad Shafiq | B4: =SUMIF(Gannt!$C$6:$C$99,Costs!A4,Gannt!$D$6:$D$101) -> 0 | C4: ='Project info summary'!G11 -> 25 | D4: =B4*C4 -> 0
A5: Terry Duran | B5: =SUMIF(Gannt!$C$6:$C$99,Costs!A5,Gannt!$D$6:$D$101) -> 0 | C5: ='Project info summary'!G12 -> 45 | D5: =B5*C5 -> 0
A6: Gina Diaz | B6: =SUMIF(Gannt!$C$6:$C$99,Costs!A6,Gannt!$D$6:$D$101) -> 0 | C6: ='Project info summary'!G13 -> 47.5 | D6: =B6*C6 -> 0
A7: Marius Bronski | B7: =SUMIF(Gannt!$C$6:$C$99,Costs!A7,Gannt!$D$6:$D$101) -> 0 | C7: ='Project info summary'!G14 -> 73 | D7: =B7*C7 -> 0

Sheet Copyright
A1: T Level Technical Qualification in Digital Software Development (Level 3)
A2: Employer-set Project
A3: Task 1 RBSX Project Plan
A5: Candidate surname | B5: xx
A6: Other names | B6: xx
A7: Centre number | B7: xx
A8: Learner ID | B8: xx
A12: Copyright and Acknowledgements
A13: ‘T-LEVELS’ is a registered trade mark of the Department for Education.
A14: ‘T Level’ is a registered trade mark of the Institute for Apprenticeships and Technical Education.
A15: The T Level Technical Qualification is a qualification approved and managed by the Institute for Apprenticeships and Technical Education.
A16: ‘Institute for Apprenticeships & Technical Education’ and logo are registered trade marks of the Institute for Apprenticeships and Technical Education.
A17: Pearson Education Limited is authorised by the Institute for Apprenticeships and Technical Education to develop and deliver this Technical Qualification.
A18: Pearson and logo are registered trade marks of Pearson.
A19: Copyright in this document belongs to, and is used under licence from, the Institute for Apprenticeships and Technical Education, © 2025
A21: Version 1.1 - July 2025
