Workbook

Sheet Project info summary
A1: RetailX Group Ltd Digital Solution
A2: Key Project Info
A3: Intended start Date | B3: 45662
A4: Requested time scale (Weeks) | B4: 18
A5: Requested time scale (Days) | B5: =B4*7 -> 126
A6: Hours worked per day per Staff member | B6: 8
A7: Predicted staff Absence (Days) | B7: 14
A9: Task | B9: Estimated number of work hours | D9: Staff member | E9: Role | F9: Key | G9: Pay per hour
A10: Upgrade infrastructure | B10: 72 | D10: Priya Patel | E10: Senior Software Engineer | G10: 110
A11: Install physical server | B11: 24 | D11: Alex Morgan | E11: Junior Software Engineer | G11: 38
A12: Deploy and configure cloud server | B12: 20 | D12: Samir Khan | E12: Junior Software Engineer | G12: 47
A13: Develop module – Stock and inventory management | B13: 108 | D13: Jamie Lee | E13: Database Engineer | G13: 52
A14: Develop module - User interface | B14: 65 | D14: Morgan Evans | E14: Network Engineer | G14: 78
A15: Develop module – Customer management and rewards | B15: 142
A16: Develop module - Back-end database | B16: 120
A17: Develop module - Sales analysis | B17: 100
A18: Deploy modules | B18: 8 (per module)
A19: Unit testing | B19: 21 (per module)
A20: Integration testing | B20: 14 (per module)
A21: Fixing and regression testing for major fault | B21: 21 (per fault found)
A22: Fixing and regression testing for minor fault | B22: 10 (per fault found)
A23: Deploy and configure cloud backup system | B23: 20
A24: User/acceptance testing | B24: 35
A25: Create a test plan | B25: 21
A26: Training RetailX staff to use new system | B26: 34
A27: Update website | B27: 40
A28: Build and deploy customer rewards app | B28: 50
A29: Hardware testing | B29: 30

Sheet Gantt
E2: 1 | F2: 2 | G2: 3 | H2: 4 | I2: 5 | J2: 6 | K2: 7 | L2: 8 | M2: 9 | N2: 10 | O2: 11 | P2: 12 | Q2: 13 | R2: 14 | S2: 15 | T2: 16 | U2: 17 | V2: 18 | W2: 19 | X2: 20 | Y2: 21 | Z2: 22 | AA2: 23 | AB2: 24 | AC2: 25 | AD2: 26 | AE2: 27 | AF2: 28 | AG2: 29 | AH2: 30 | AI2: 31 | AJ2: 32 | AK2: 33 | AL2: 34 | AM2: 35 | AN2: 36 | AO2: 37 | AP2: 38 | AQ2: 39 | AR2: 40 | AS2: 41 | AT2: 42 | AU2: 43 | AV2: 44 | AW2: 45 | AX2: 46 | AY2: 47 | AZ2: 48 | BA2: 49 | BB2: 50 | BC2: 51 | BD2: 52 | BE2: 53 | BF2: 54 | BG2: 55 | BH2: 56 | BI2: 57 | BJ2: 58 | BK2: 59 | BL2: 60 | BM2: 61 | BN2: 62 | BO2: 63 | BP2: 64 | BQ2: 65 | BR2: 66 | BS2: 67 | BT2: 68 | BU2: 69 | BV2: 70 | BW2: 71 | BX2: 72 | BY2: 73 | BZ2: 74 | CA2: 75 | CB2: 76 | CC2: 77 | CD2: 78 | CE2: 79 | CF2: 80 | CG2: 81 | CH2: 82 | CI2: 83 | CJ2: 84 | CK2: 85 | CL2: 86 | CM2: 87 | CN2: 88 | CO2: 89 | CP2: 90 | CQ2: 91 | CR2: 92 | CS2: 93 | CT2: 94 | CU2: 95 | CV2: 96 | CW2: 97 | CX2: 98 | CY2: 99 | CZ2: 100 | DA2: 101 | DB2: 102 | DC2: 103 | DD2: 104 | DE2: 105 | DF2: 106 | DG2: 107 | DH2: 108 | DI2: 109 | DJ2: 110 | DK2: 111 | DL2: 112 | DM2: 113 | DN2: 114 | DO2: 115 | DP2: 116 | DQ2: 117 | DR2: 118 | DS2: 119 | DT2: 120 | DU2: 121 | DV2: 122 | DW2: 123 | DX2: 124 | DY2: 125 | DZ2: 126 | EA2: 127 | EB2: 128 | EC2: 129 | ED2: 130 | EE2: 131 | EF2: 132 | EG2: 133 | EH2: 134 | EI2: 135 | EJ2: 136 | EK2: 137 | EL2: 138 | EM2: 139 | EN2: 140 | EO2: 141 | EP2: 142 | EQ2: 143 | ER2: 144 | ES2: 145 | ET2: 146 | EU2: 147 | EV2: 148 | EW2: 149 | EX2: 150 | EY2: 151 | EZ2: 152 | FA2: 153 | FB2: 154
E3: Monday | F3: Tuesday | G3: Wednesday | H3: Thursday | I3: Friday | J3: Saturday | K3: Sunday | L3: Monday | M3: Tuesday | N3: Wednesday | O3: Thursday | P3: Friday | Q3: Saturday | R3: Sunday | S3: Monday | T3: Tuesday | U3: Wednesday | V3: Thursday | W3: Friday | X3: Saturday | Y3: Sunday | Z3: Monday | AA3: Tuesday | AB3: Wednesday | AC3: Thursday | AD3: Friday | AE3: Saturday | AF3: Sunday | AG3: Monday | AH3: Tuesday | AI3: Wednesday | AJ3: Thursday | AK3: Friday | AL3: Saturday | AM3: Sunday | AN3: Monday | AO3: Tuesday | AP3: Wednesday | AQ3: Thursday | AR3: Friday | AS3: Saturday | AT3: Sunday | AU3: Monday | AV3: Tuesday | AW3: Wednesday | AX3: Thursday | AY3: Friday | AZ3: Saturday | BA3: Sunday | BB3: Monday | BC3: Tuesday | BD3: Wednesday | BE3: Thursday | BF3: Friday | BG3: Saturday | BH3: Sunday | BI3: Monday | BJ3: Tuesday | BK3: Wednesday | BL3: Thursday | BM3: Friday | BN3: Saturday | BO3: Sunday | BP3: Monday | BQ3: Tuesday | BR3: Wednesday | BS3: Thursday | BT3: Friday | BU3: Saturday | BV3: Sunday | BW3: Monday | BX3: Tuesday | BY3: Wednesday | BZ3: Thursday | CA3: Friday | CB3: Saturday | CC3: Sunday | CD3: Monday | CE3: Tuesday | CF3: Wednesday | CG3: Thursday | CH3: Friday | CI3: Saturday | CJ3: Sunday | CK3: Monday | CL3: Tuesday | CM3: Wednesday | CN3: Thursday | CO3: Friday | CP3: Saturday | CQ3: Sunday | CR3: Monday | CS3: Tuesday | CT3: Wednesday | CU3: Thursday | CV3: Friday | CW3: Saturday | CX3: Sunday | CY3: Monday | CZ3: Tuesday | DA3: Wednesday | DB3: Thursday | DC3: Friday | DD3: Saturday | DE3: Sunday | DF3: Monday | DG3: Tuesday | DH3: Wednesday | DI3: Thursday | DJ3: Friday | DK3: Saturday | DL3: Sunday | DM3: Monday | DN3: Tuesday | DO3: Wednesday | DP3: Thursday | DQ3: Friday | DR3: Saturday | DS3: Sunday | DT3: Monday | DU3: Tuesday | DV3: Wednesday | DW3: Thursday | DX3: Friday | DY3: Saturday | DZ3: Sunday | EA3: Monday | EB3: Tuesday | EC3: Wednesday | ED3: Thursday | EE3: Friday | EF3: Saturday | EG3: Sunday | EH3: Monday | EI3: Tuesday | EJ3: Wednesday | EK3: Thursday | EL3: Friday | EM3: Saturday | EN3: Sunday | EO3: Monday | EP3: Tuesday | EQ3: Wednesday | ER3: Thursday | ES3: Friday | ET3: Saturday | EU3: Sunday | EV3: Monday | EW3: Tuesday | EX3: Wednesday | EY3: Thursday | EZ3: Friday | FA3: Saturday | FB3: Sunday
E4: 45662 | F4: 45663 | G4: 45664 | H4: 45665 | I4: 45666 | J4: 45667 | K4: 45668 | L4: 45669 | M4: 45670 | N4: 45671 | O4: 45672 | P4: 45673 | Q4: 45674 | R4: 45675 | S4: 45676 | T4: 45677 | U4: 45678 | V4: 45679 | W4: 45680 | X4: 45681 | Y4: 45682 | Z4: 45683 | AA4: 45684 | AB4: 45685 | AC4: 45686 | AD4: 45687 | AE4: 45688 | AF4: 45689 | AG4: 45690 | AH4: 45691 | AI4: 45692 | AJ4: 45693 | AK4: 45694 | AL4: 45695 | AM4: 45696 | AN4: 45697 | AO4: 45698 | AP4: 45699 | AQ4: 45700 | AR4: 45701 | AS4: 45702 | AT4: 45703 | AU4: 45704 | AV4: 45705 | AW4: 45706 | AX4: 45707 | AY4: 45708 | AZ4: 45709 | BA4: 45710 | BB4: 45711 | BC4: 45712 | BD4: 45713 | BE4: 45714 | BF4: 45715 | BG4: 45716 | BH4: 45717 | BI4: 45718 | BJ4: 45719 | BK4: 45720 | BL4: 45721 | BM4: 45722 | BN4: 45723 | BO4: 45724 | BP4: 45725 | BQ4: 45726 | BR4: 45727 | BS4: 45728 | BT4: 45729 | BU4: 45730 | BV4: 45731 | BW4: 45732 | BX4: 45733 | BY4: 45734 | BZ4: 45735 | CA4: 45736 | CB4: 45737 | CC4: 45738 | CD4: 45739 | CE4: 45740 | CF4: 45741 | CG4: 45742 | CH4: 45743 | CI4: 45744 | CJ4: 45745 | CK4: 45746 | CL4: 45747 | CM4: 45748 | CN4: 45749 | CO4: 45750 | CP4: 45751 | CQ4: 45752 | CR4: 45753 | CS4: 45754 | CT4: 45755 | CU4: 45756 | CV4: 45757 | CW4: 45758 | CX4: 45759 | CY4: 45760 | CZ4: 45761 | DA4: 45762 | DB4: 45763 | DC4: 45764 | DD4: 45765 | DE4: 45766 | DF4: 45767 | DG4: 45768 | DH4: 45769 | DI4: 45770 | DJ4: 45771 | DK4: 45772 | DL4: 45773 | DM4: 45774 | DN4: 45775 | DO4: 45776 | DP4: 45777 | DQ4: 45778 | DR4: 45779 | DS4: 45780 | DT4: 45781 | DU4: 45782 | DV4: 45783 | DW4: 45784 | DX4: 45785 | DY4: 45786 | DZ4: 45787 | EA4: 45788 | EB4: 45789 | EC4: 45790 | ED4: 45791 | EE4: 45792 | EF4: 45793 | EG4: 45794 | EH4: 45795 | EI4: 45796 | EJ4: 45797 | EK4: 45798 | EL4: 45799 | EM4: 45800 | EN4: 45801 | EO4: 45802 | EP4: 45803 | EQ4: 45804 | ER4: 45805 | ES4: 45806 | ET4: 45807 | EU4: 45808 | EV4: 45809 | EW4: 45810 | EX4: 45811 | EY4: 45812 | EZ4: 45813 | FA4: 45814 | FB4: 45815
A5: Task | B5: Sub Task/Notes | C5: Staff assigned | D5: Total hours assigned to task
D6: =SUM(E6:FB6) -> 0
D7: =SUM(E7:FB7) -> 0
D8: =SUM(E8:FB8) -> 0
D9: =SUM(E9:FB9) -> 0
D10: =SUM(E10:FB10) -> 0
D11: =SUM(E11:FB11) -> 0
D12: =SUM(E12:FB12) -> 0
D13: =SUM(E13:FB13) -> 0
D14: =SUM(E14:FB14) -> 0
D15: =SUM(E15:FB15) -> 0
D16: =SUM(E16:FB16) -> 0
D17: =SUM(E17:FB17) -> 0
... D155: =SUM(E155:FB155) -> 0

Sheet Costs
A1: Staf Costs
A2: Staff | B2: Hours worked | C2: Rate of pay | D2: Cost for project
A3: Priya Patel | B3: =SUMIF(Gantt!$C$6:$C$158,Costs!A3,Gantt!$D$6:$D$158) -> 0 | C3: 110 | D3: =B3*C3 -> 0
A4: Alex Morgan | B4: =SUMIF(Gantt!$C$6:$C$158,Costs!A4,Gantt!$D$6:$D$158) -> 0 | C4: 38 | D4: =B4*C4 -> 0
A5: Samir Khan | B5: =SUMIF(Gantt!$C$6:$C$158,Costs!A5,Gantt!$D$6:$D$158) -> 0 | C5: 47 | D5: =B5*C5 -> 0
A6: Jamie Lee | B6: =SUMIF(Gantt!$C$6:$C$158,Costs!A6,Gantt!$D$6:$D$158) -> 0 | C6: 52 | D6: =B6*C6 -> 0
A7: Morgan Evans | B7: =SUMIF(Gantt!$C$6:$C$158,Costs!A7,Gantt!$D$6:$D$158) -> 0 | C7: 78 | D7: =B7*C7 -> 0

Sheet Copyright
A9: T Level Technical Qualification in Digital Software Development (Level 3)
A10: Employer Set Project
A11: Task 1 RetailX Project Plan
A13: Candidate surname | B13: xx
A14: Other names | B14: xx
A15: Centre number | B15: xx
A16: Learner ID | B16: xx
A18: Copyright and Acknowledgements
A19: Copyright in this document belongs to, and is used under licence from the Department for Education, © 2025.
A20: ‘T-LEVELS’ and ‘T Level’ are registered trademarks of the Department for Education. Pearson is authorised by the Department for Education to develop and deliver this T Level Technical Qualification.
A21: Pearson and logo are registered trademarks of Pearson.
A22: Version 1.0 - October 2025
